{
  "group": "glav",
  "location": {
    "world": "minigames",
    "x": -267.91543998939625,
    "y": 63.5,
    "z": -70.3429444899685,
    "yaw": 189.15002,
    "pitch": 12.300011
  },
  "operator": true,
  "can-fly": true,
  "walk-speed": 0.19992013,
  "fly-speed": 0.099973045
}