{
  "group": "builder",
  "location": {
    "world": "main",
    "x": 624.6695042411222,
    "y": 12.278682681841268,
    "z": 986.8312067874589,
    "yaw": 194.54826,
    "pitch": 22.200014
  },
  "operator": true,
  "can-fly": true,
  "walk-speed": 0.19970448,
  "fly-speed": 0.09998203
}